﻿<?xml version="1.0" encoding="utf-8"?>
<Robot RobotName="Kawasaki">
	<TcpConnection>
		<IP>127.0.0.1</IP>
		<Port>10005</Port>
		<client/>
	</TcpConnection>
	<Visualization>
		<R>0.2</R>
		<G>0.5</G>
		<B>0.6</B>
		<alphaBlend>1.0</alphaBlend>
	</Visualization>
  <Module ModuleName="podstawa">
    <X>765</X>
    <Y>-187</Y>
    <Z>1647</Z>
	<CubedModuleScale>1.0</CubedModuleScale>
    <axis>y</axis>
    <Submodule>
      <filepath>kawasaki/podstawa.stl</filepath>
      <transform>
        <x>0</x>
        <y>0</y>
        <z>0</z>
        <axis>x</axis>
        <R>-90</R>
      </transform>
    </Submodule>
  </Module>
  <Module ModuleName="czlon_1">
    <X>0</X>
    <Y>0</Y>
    <Z>0</Z>
    <axis>y</axis>
    <Submodule>
      <filepath>kawasaki/czlon_1.stl</filepath>
      <transform>
        <x>0</x>
        <y>0</y>
        <z>0</z>
        <axis>x</axis>
        <R>-90</R>
      </transform>
    </Submodule>
  </Module>
  <Module ModuleName="czlon_2">
    <X>0</X>
    <Y>430</Y>
    <Z>-100</Z>
    <axis>x</axis>
    <Submodule>
      <filepath>kawasaki/czlon_2.stl</filepath>
      <transform>
        <x>0</x>
        <y>-100</y>
        <z>-430</z>
        <axis>0</axis>
        <R>0</R>
      </transform>
      <transform>
        <x>0</x>
        <y>0</y>
        <z>0</z>
        <axis>x</axis>
        <R>-90</R>
      </transform>
    </Submodule>
  </Module>
  <Module ModuleName="czlon_3">
    <X>0</X>
    <Y>745</Y>
    <Z>0</Z>
    <axis>x</axis>
    <Submodule>
      <filepath>kawasaki/czlon_3.stl</filepath>
      <transform>
        <x>0</x>
        <y>-100</y>
        <z>-1180</z>
        <axis>0</axis>
        <R>0</R>
      </transform>
      <transform>
        <x>0</x>
        <y>0</y>
        <z>0</z>
        <axis>x</axis>
        <R>-90</R>
      </transform>
    </Submodule>
  </Module>
  <Module ModuleName="czlon_4">
    <X>0</X>
    <Y>400</Y>
    <Z>30</Z>
	<CubedModuleScale>1.6</CubedModuleScale>
    <axis>y</axis>
    <Submodule>
      <filepath>kawasaki/czlon_4.stl</filepath>
      <transform>
        <x>0</x>
        <y>-70</y>
        <z>-1570</z>
        <axis>0</axis>
        <R>0</R>
      </transform>
      <transform>
        <x>0</x>
        <y>0</y>
        <z>0</z>
        <axis>x</axis>
        <R>-90</R>
      </transform>
    </Submodule>
  </Module>
  <Module ModuleName="czlon_5">
    <X>0</X>
    <Y>310</Y>
    <Z>0</Z>
    <axis>x</axis>
    <CubedModuleScale>1.4</CubedModuleScale>
    <Submodule>
      <filepath>kawasaki/czlon_5.stl</filepath>
      <transform>
        <x>0</x>
        <y>-70</y>
        <z>-1880</z>
        <axis>0</axis>
        <R>0</R>
      </transform>
      <transform>
        <x>0</x>
        <y>0</y>
        <z>0</z>
        <axis>x</axis>
        <R>-90</R>
      </transform>
    </Submodule>
  </Module>
  <Module ModuleName="czlon_6">
    <X>0</X>
    <Y>0</Y>
    <Z>10</Z>
    <axis>y</axis>
    <Submodule>
      <filepath>kawasaki/czlon_6_flansza.stl</filepath>
      <transform>
        <x>0</x>
        <y>-60</y>
        <z>-1880</z>
        <axis>0</axis>
        <R>0</R>
      </transform>
      <transform>
        <x>0</x>
        <y>0</y>
        <z>0</z>
        <axis>x</axis>
        <R>-90</R>
      </transform>
    </Submodule>
  </Module>
</Robot>