﻿<?xml version="1.0" encoding="utf-8"?>
<Robot RobotName="Mitsubishi">
	<TcpConnection>
		<IP>127.0.0.1</IP>
		<Port>10004</Port>
		<client/>
	</TcpConnection>
	<Visualization>
		<R>0.2</R>
		<G>0.5</G>
		<B>0.6</B>
		<alphaBlend>1.0</alphaBlend>
	</Visualization>
  <Module ModuleName="podstawa">
	  <X>740</X>
	  <Y>-187</Y>
	  <Z>-560</Z>
	  <axis>y</axis>
	  <Submodule>
		  <filepath>mitsubishi/czlon_0_podstawaN.stl</filepath>
      <transform>
        <x>0</x>
        <y>0</y>
        <z>0</z>
        <axis>y</axis>
        <R>-90</R>
      </transform>      
	  </Submodule>
  </Module>
	<Module ModuleName="shoulder">
		<X>0</X>
		<Y>320</Y>
		<Z>0</Z>
		<axis>y</axis>
		<Submodule>
			<filepath>mitsubishi/rv-12s_shoulder.stl</filepath>
		</Submodule>
		<Submodule>
			<filepath>mitsubishi/rv-12s_shoulder_cover.stl</filepath>
			<transform>
				<x>-62</x>
				<y>74</y>
				<z>64</z>
				<axis>y</axis>
				<R>-90</R>
			</transform>
			<transform>
				<x>-62</x>
				<y>74</y>
				<z>64</z>
				<axis>x</axis>
				<R>20</R>
			</transform>
		</Submodule>
	</Module>
	<Module ModuleName="czlon_1">
		<X>82</X>
		<Y>120</Y>
		<Z>150</Z>
		<axis>x</axis>
		<Submodule>
			<filepath>mitsubishi/czlon_1.stl</filepath>
		</Submodule>
	</Module>
  <Module ModuleName="glowne_ramie_1">
    <X>0</X>
    <Y>560</Y>
    <Z>0</Z>
    <axis>x</axis>
    <CubedModuleScale>1.4</CubedModuleScale>
    <Submodule>
      <filepath>mitsubishi/rv-12s_elbo.stl</filepath>
    </Submodule>
    <Submodule>
      <filepath>mitsubishi/rv-12s_elbo_cover_a.stl</filepath>
      <transform>
        <x>-74</x>
        <y>120</y>
        <z>0</z>
        <axis>x</axis>
        <R>0</R>
      </transform>
    </Submodule>
    <Submodule>
      <filepath>mitsubishi/rv-12s_shoulder_cover.stl</filepath>
      <transform>
        <x>-140</x>
        <y></y>
        <z></z>
        <axis>y</axis>
        <R>-90</R>
      </transform>
      <transform>
        <x></x>
        <y></y>
        <z></z>
        <axis>x</axis>
        <R>155</R>
      </transform>
    </Submodule>
  </Module>
  <Module ModuleName="glowne_ramie_2">
    <X>-72.5</X>
    <Y>80</Y>
    <Z>261</Z>
    <axis>z</axis>
    <CubedModuleScale>1.4</CubedModuleScale>
		<Submodule>
			<filepath>mitsubishi/rv-12sl_j4_ex_flange.stl</filepath>			
		</Submodule>
		<Submodule>
			<filepath>mitsubishi/rv-12s_no2arm.stl</filepath>
			<transform>
				<x>0</x>
				<y>0</y>
				<z>157</z>
				<axis>x</axis>
				<R>0</R>
			</transform>
		</Submodule>
		<Submodule>
			<filepath>mitsubishi/rv-12s_no2arm_cover_a.stl</filepath>
			<transform>
				<x>55.5</x>
				<y>0</y>
				<z>157</z>
				<axis>y</axis>
				<R>90</R>
			</transform>
		</Submodule>
		<Submodule>
			<filepath>mitsubishi/rv-12s_no2arm_cover_b.stl</filepath>
			<transform>
				<x>0</x>
				<y>0</y>
				<z>0</z>
				<axis>z</axis>
				<R>180</R>
			</transform>
			<transform>
				<x>-55.5</x>
				<y>0</y>
				<z>157</z>
				<axis>y</axis>
				<R>-90</R>
			</transform>
		</Submodule>
	</Module>
	<Module ModuleName="unknown">
		<X>0</X>
		<Y>0</Y>
		<Z>410</Z>
		<axis>x</axis>
    <CubedModuleScale>1.2</CubedModuleScale>
		<Submodule>
			<filepath>mitsubishi/rv-12s_wrist.stl</filepath>
			<transform>
				<x>0</x>
				<y>0</y>
				<z>65</z>
				<axis>x</axis>
				<R>0</R>
			</transform>
		</Submodule>
		<Submodule>
			<filepath>mitsubishi/rv-12s_j6_crbrg_spacer.stl</filepath>
			<transform>
				<x>0</x>
				<y>0</y>
				<z>65</z>
				<axis>x</axis>
				<R>0</R>
			</transform>
		</Submodule>
	</Module>
	<Module ModuleName="unknow_2">
		<X>0</X>
		<Y>0</Y>
		<Z>91</Z>
		<axis>z</axis>
    <CubedModuleScale>1.4</CubedModuleScale>
		<Submodule>
			<filepath>mitsubishi/rv-12s_j6_flange.stl</filepath>
		</Submodule>
	</Module>
</Robot>
